{
	"userUid": "1602104431",
	"fcmToken": "cgSCgopVRe2k2ncNPEkOPD:APA91bFvOL93oC83Cap1LOLQ3js-WsmdHR7un90JNqqxQnexyRpM_PwtMLlBsQHPsVWfb4FDNCZvIbzbU8uv1lMi18TpqngbiQlLHXlAOTXLeDdWBU6v8orUC-ovGmV8zNb4X6Z-aQ7j",
	"nickName": "조맨",
	"ageRange": 40,
	"region": "양평",
	"userLanguage": "ko",
	"accepJorugi": 1,
	"acceptRandom": 1,
	"isBlockedUser": 0,
	"funUserScore": 0,
	"goldHandScore": 0,
	"userLevel": 0,
	"originSNS": "kakao",	
	"reporting": 0,
	"reported": 0,
	"agreeTerms": 1,
	"useSound": 1,
	"userLevelScore": 0
}