{
	"userUid": "1585475026",
	"fcmToken": "c_g1FYfJRf2wVp907jM4Ks:APA91bFJq0FT1r9hpJsUsIEWK1OVTs93gmfgzo153538m2yabuv_R3fz13M7novPaHd5bfONet9YY88BDqyjZivNBnYHMg9IEIR1aQhgmlQJOyyViDD6hFTSC6bz2pX2aPuMVo6iuNjv",
	"nickName": "유떨떨",
	"ageRange": 30,
    "gender": 0,
	"region": "수지",
	"userLanguage": "ko",
	"accepJorugi": 1,
	"acceptRandom": 1,
	"isBlockedUser": 0,
	"funUserScore": 0,
	"goldHandScore": 0,
	"userLevel": 0,
	"originSNS": "kakao",	
	"reporting": 0,
	"reported": 0,
	"agreeTerms": 1,
	"useSound": 1,
	"userLevelScore": 0
}