{
	"userUid": "1602104431",
	"fcmToken": "fP6pORzRTbublObSmlVo5n:APA91bF3yEcI8-CWWm8moU0LIFTV-lHp9y2l-UDjzeKEU5aJ4D86zlLk4Ybb-zMQUJuorzGjYDwjf7PKnOzPb0d3zYKUu1PveRHaXRC6-ooDVVomVfcFNLD8hTc7v4n71ojqDntC3qVy",
	"nickName": "조맨",
	"ageRange": 40,
	"region": "양평",
	"userLanguage": "ko",
	"accepJorugi": 1,
	"acceptRandom": 1,
	"isBlockedUser": 0,
	"funUserScore": 0,
	"goldHandScore": 0,
	"userLevel": 0,
	"originSNS": "kakao",	
	"reporting": 0,
	"reported": 0,
	"agreeTerms": 1,
	"useSound": 1,
	"userLevelScore": 0
}